branch_id,course_id,requirement_type
CSE,C0001,Foundational
AIML,C0001,Foundational
AIDS,C0001,Foundational
IT,C0001,Foundational
CYSEC,C0001,Foundational
CSBS,C0001,Foundational
IOT,C0001,Foundational
CSE,C0002,Foundational
AIML,C0002,Foundational
AIDS,C0002,Foundational
IT,C0002,Foundational
CYSEC,C0002,Foundational
CSBS,C0002,Foundational
IOT,C0002,Foundational
CSE,C0003,Foundational
AIML,C0003,Foundational
AIDS,C0003,Foundational
IT,C0003,Foundational
CYSEC,C0003,Foundational
CSBS,C0003,Foundational
IOT,C0003,Foundational
CSE,C0004,Foundational
AIML,C0004,Foundational
AIDS,C0004,Foundational
IT,C0004,Foundational
CYSEC,C0004,Foundational
CSBS,C0004,Foundational
IOT,C0004,Foundational
CSE,C0005,Foundational
AIML,C0005,Foundational
AIDS,C0005,Foundational
IT,C0005,Foundational
CYSEC,C0005,Foundational
CSBS,C0005,Foundational
IOT,C0005,Foundational
CSE,C0006,Foundational
AIML,C0006,Foundational
AIDS,C0006,Foundational
IT,C0006,Foundational
CYSEC,C0006,Foundational
CSBS,C0006,Foundational
IOT,C0006,Foundational
CSE,C0007,Foundational
AIML,C0007,Foundational
AIDS,C0007,Foundational
IT,C0007,Foundational
CYSEC,C0007,Foundational
CSBS,C0007,Foundational
IOT,C0007,Foundational
CSE,C0008,Foundational
AIML,C0008,Foundational
AIDS,C0008,Foundational
IT,C0008,Foundational
CYSEC,C0008,Foundational
CSBS,C0008,Foundational
IOT,C0008,Foundational
CSE,C0009,Foundational
AIML,C0009,Foundational
AIDS,C0009,Foundational
IT,C0009,Foundational
CYSEC,C0009,Foundational
CSBS,C0009,Foundational
IOT,C0009,Foundational
CSE,C0010,Foundational
AIML,C0010,Foundational
AIDS,C0010,Foundational
IT,C0010,Foundational
CYSEC,C0010,Foundational
CSBS,C0010,Foundational
IOT,C0010,Foundational
CSE,C0011,Foundational
AIML,C0011,Foundational
AIDS,C0011,Foundational
IT,C0011,Foundational
CYSEC,C0011,Foundational
CSBS,C0011,Foundational
IOT,C0011,Foundational
CSE,C0012,Foundational
AIML,C0012,Foundational
AIDS,C0012,Foundational
IT,C0012,Foundational
CYSEC,C0012,Foundational
CSBS,C0012,Foundational
IOT,C0012,Foundational
CSE,C0013,Foundational
AIML,C0013,Foundational
AIDS,C0013,Foundational
IT,C0013,Foundational
CYSEC,C0013,Foundational
CSBS,C0013,Foundational
IOT,C0013,Foundational
CSE,C0014,Foundational
AIML,C0014,Foundational
AIDS,C0014,Foundational
IT,C0014,Foundational
CYSEC,C0014,Foundational
CSBS,C0014,Foundational
IOT,C0014,Foundational
CSE,C0015,Core
CSE,C0016,Core
CSE,C0017,Core
CSE,C0018,Core
CSE,C0019,Elective
CSE,C0020,Elective
CSE,C0021,Core
AIML,C0022,Core
AIML,C0023,Core
AIML,C0024,Core
AIML,C0025,Core
AIML,C0026,Elective
AIML,C0027,Core
AIML,C0028,Elective
AIML,C0029,Elective
AIDS,C0022,Core
AIDS,C0030,Core
AIDS,C0031,Core
AIDS,C0032,Core
AIDS,C0028,Core
AIDS,C0033,Elective
AIDS,C0034,Core
IT,C0035,Core
IT,C0036,Core
IT,C0037,Core
IT,C0038,Core
IT,C0039,Core
IT,C0040,Elective
IT,C0041,Elective
CYSEC,C0042,Core
CYSEC,C0043,Core
CYSEC,C0044,Core
CYSEC,C0045,Core
CYSEC,C0046,Elective
CYSEC,C0047,Elective
CYSEC,C0048,Core
CSBS,C0049,Core
CSBS,C0050,Core
CSBS,C0051,Core
CSBS,C0030,Core
CSBS,C0052,Core
CSBS,C0022,Elective
CSBS,C0053,Core
IOT,C0054,Core
IOT,C0055,Core
IOT,C0056,Core
IOT,C0057,Core
IOT,C0058,Elective
IOT,C0029,Elective
IOT,C0059,Core
